user_genome	classification	fastani_reference	fastani_reference_radius	fastani_taxonomy	fastani_ani	fastani_af	closest_placement_reference	closest_placement_radius	closest_placement_taxonomy	closest_placement_ani	closest_placement_af	pplacer_taxonomy	classification_method	note	other_related_references(genome_id,species_name,radius,ANI,AF)	msa_percent	translation_table	red_value	warnings
nC27_bin.11	d__Bacteria;p__Firmicutes;c__Bacilli;o__RF39;f__CAG-1000;g__CAG-1000;s__	N/A	N/A	N/A	N/A	N/A	GCA_000434555.1	95.0	d__Bacteria;p__Firmicutes;c__Bacilli;o__RF39;f__CAG-1000;g__CAG-1000;s__CAG-1000 sp000434555	92.64	0.89	d__Bacteria;p__Firmicutes;c__Bacilli;o__RF39;f__CAG-1000;g__CAG-1000;s__	taxonomic classification defined by topology and ANI	N/A	GCA_004552445.1, s__CAG-1000 sp004552445, 95.0, 80.91, 0.5; GCA_004560915.1, s__CAG-1000 sp004560915, 95.0, 80.44, 0.5; GCA_900556025.1, s__CAG-1000 sp900556025, 95.0, 79.03, 0.39; GCA_000436975.1, s__CAG-1000 sp000436975, 95.0, 78.63, 0.44; GCA_900313815.1, s__CAG-1000 sp900313815, 95.0, 78.35, 0.43	24.98	11	0.9950729292581459	Genome not assigned to closest species as it falls outside its pre-defined ANI radius
nC27_bin.114	d__Bacteria;p__Spirochaetota;c__Spirochaetia;o__Treponematales;f__Treponemataceae;g__Treponema_D;s__Treponema_D succinifaciens	GCF_000195275.1	95.0	d__Bacteria;p__Spirochaetota;c__Spirochaetia;o__Treponematales;f__Treponemataceae;g__Treponema_D;s__Treponema_D succinifaciens	97.93	0.84	GCF_000195275.1	95.0	d__Bacteria;p__Spirochaetota;c__Spirochaetia;o__Treponematales;f__Treponemataceae;g__Treponema_D;s__Treponema_D succinifaciens	97.93	0.84	d__Bacteria;p__Spirochaetota;c__Spirochaetia;o__Treponematales;f__Treponemataceae;g__Treponema_D;s__	taxonomic classification defined by topology and ANI	topological placement and ANI have congruent species assignments	GCA_002449305.1, s__Treponema_D sp002449305, 95.0, 91.57, 0.8; GCA_900541945.1, s__Treponema_D sp900541945, 95.0, 83.37, 0.19; GCA_002296965.1, s__Treponema_D sp002296965, 95.0, 81.59, 0.11; GCF_900167025.1, s__Treponema_D berlinense, 95.0, 80.67, 0.17; GCA_002437725.1, s__Treponema_D sp002437725, 95.0, 79.83, 0.16; GCA_900317625.1, s__Treponema_D sp900317625, 95.0, 78.77, 0.17; GCA_002478955.1, s__Treponema_D sp002478955, 95.0, 78.44, 0.17; GCA_004554075.1, s__Treponema_D sp004554075, 95.0, 78.01, 0.07; GCA_000413015.1, s__Treponema_D paredis, 95.0, 77.86, 0.03; GCA_900541995.1, s__Treponema_D sp900541995, 95.0, 77.75, 0.22; GCA_002477955.1, s__Treponema_D sp002477955, 95.0, 77.74, 0.16; GCA_002404895.1, s__Treponema_D sp002404895, 95.0, 77.72, 0.13; GCA_900319625.1, s__Treponema_D sp900319625, 95.0, 77.57, 0.08; GCF_000255555.1, s__Treponema_D saccharophilum, 95.0, 77.25, 0.02; GCA_900316905.1, s__Treponema_D sp900316905, 95.0, 77.11, 0.05; GCA_002394685.1, s__Treponema_D sp002394685, 95.0, 77.08, 0.1; GCF_900113965.1, s__Treponema_D bryantii_A, 95.0, 76.88, 0.07; GCA_002368605.1, s__Treponema_D sp002368605, 95.0, 76.84, 0.06; GCA_002448445.1, s__Treponema_D sp002448445, 95.0, 76.79, 0.09; GCA_002369025.1, s__Treponema_D sp002369025, 95.0, 76.78, 0.04; GCA_002395155.1, s__Treponema_D sp002395155, 95.0, 76.78, 0.06; GCF_900167145.1, s__Treponema_D porcinum, 95.0, 76.67, 0.12; GCF_000260795.1, s__Treponema_D sp000260795, 95.0, 76.67, 0.09; GCA_002396325.1, s__Treponema_D sp002396325, 95.0, 76.65, 0.08; GCF_000421345.1, s__Treponema_D bryantii_B, 95.0, 76.6, 0.09; GCA_003447785.1, s__Treponema_D sp003447785, 95.0, 76.56, 0.06; GCA_002309305.1, s__Treponema_D sp002309305, 95.0, 76.39, 0.09; GCA_002373325.1, s__Treponema_D sp002373325, 95.0, 76.34, 0.06; GCF_000619925.1, s__Treponema_D sp000619925, 95.0, 76.32, 0.08; GCA_002394465.1, s__Treponema_D sp002394465, 95.0, 76.22, 0.04; GCA_002393835.1, s__Treponema_D sp002393835, 95.0, 76.19, 0.05; GCF_000468115.1, s__Treponema_D socranskii, 95.0, 76.17, 0.02; GCA_002350445.1, s__Treponema_D sp002350445, 95.0, 76.12, 0.07; GCA_002392405.1, s__Treponema_D sp002392405, 95.0, 76.12, 0.08; GCA_003455655.1, s__Treponema_D sp003455655, 95.0, 76.07, 0.1; GCA_002373205.1, s__Treponema_D sp002373205, 95.0, 76.05, 0.08; GCA_002393865.1, s__Treponema_D sp002393865, 95.0, 76.04, 0.04; GCA_002314445.1, s__Treponema_D sp002314445, 95.0, 75.91, 0.04; GCF_900111035.1, s__Treponema_D bryantii_C, 95.0, 75.85, 0.07; GCA_002309195.1, s__Treponema_D sp002309195, 95.0, 75.83, 0.07; GCA_002391235.1, s__Treponema_D sp002391235, 95.0, 75.79, 0.05; GCA_002392275.1, s__Treponema_D sp002392275, 95.0, 75.79, 0.06; GCA_002315375.1, s__Treponema_D sp002315375, 95.0, 75.69, 0.06; GCA_002399405.1, s__Treponema_D sp002399405, 95.0, 75.4, 0.03; GCA_002319875.1, s__Treponema_D sp002319875, 95.0, 75.23, 0.03	73.39	11	N/A	N/A
nC27_bin.130	d__Bacteria;p__Firmicutes_A;c__Clostridia;o__Lachnospirales;f__Lachnospiraceae;g__CAG-95;s__	N/A	N/A	N/A	N/A	N/A	GCA_000438155.1	95.0	d__Bacteria;p__Firmicutes_A;c__Clostridia;o__Lachnospirales;f__Lachnospiraceae;g__CAG-95;s__CAG-95 sp000438155	93.02	0.83	d__Bacteria;p__Firmicutes_A;c__Clostridia;o__Lachnospirales;f__Lachnospiraceae;g__CAG-95;s__	taxonomic classification defined by topology and ANI	N/A	GCA_900553305.1, s__CAG-95 sp900553305, 95.0, 93.17, 0.94; GCF_003490145.1, s__CAG-95 sp900066375, 95.0, 79.3, 0.22; GCA_000436115.1, s__CAG-95 sp000436115, 95.0, 78.69, 0.25; GCF_000403495.2, s__CAG-95 sp000403495, 95.0, 77.54, 0.12; GCF_003612395.1, s__CAG-95 sp003612395, 95.0, 77.53, 0.11; GCA_002490775.1, s__CAG-95 sp002490775, 95.0, 76.98, 0.09; GCA_900554925.1, s__CAG-95 sp900554925, 95.0, 76.89, 0.18; GCA_002492465.1, s__CAG-95 sp002492465, 95.0, 76.73, 0.11	70.85	11	0.9953283504660974	Genome not assigned to closest species as it falls outside its pre-defined ANI radius
nC27_bin.160	d__Bacteria;p__Spirochaetota;c__Spirochaetia;o__Treponematales;f__Treponemataceae;g__Treponema_D;s__Treponema_D sp900541945	GCA_900541945.1	95.0	d__Bacteria;p__Spirochaetota;c__Spirochaetia;o__Treponematales;f__Treponemataceae;g__Treponema_D;s__Treponema_D sp900541945	98.02	0.82	GCA_900541945.1	95.0	d__Bacteria;p__Spirochaetota;c__Spirochaetia;o__Treponematales;f__Treponemataceae;g__Treponema_D;s__Treponema_D sp900541945	98.02	0.82	d__Bacteria;p__Spirochaetota;c__Spirochaetia;o__Treponematales;f__Treponemataceae;g__Treponema_D;s__	taxonomic classification defined by topology and ANI	topological placement and ANI have congruent species assignments	GCA_900317625.1, s__Treponema_D sp900317625, 95.0, 83.43, 0.65; GCA_002478955.1, s__Treponema_D sp002478955, 95.0, 83.15, 0.66; GCF_000195275.1, s__Treponema_D succinifaciens, 95.0, 81.0, 0.16; GCF_900167025.1, s__Treponema_D berlinense, 95.0, 79.77, 0.16; GCA_002437725.1, s__Treponema_D sp002437725, 95.0, 79.63, 0.22; GCA_002296965.1, s__Treponema_D sp002296965, 95.0, 78.37, 0.1; GCA_000413015.1, s__Treponema_D paredis, 95.0, 78.01, 0.03; GCF_900167145.1, s__Treponema_D porcinum, 95.0, 77.99, 0.24; GCF_000619925.1, s__Treponema_D sp000619925, 95.0, 77.98, 0.11; GCA_002449305.1, s__Treponema_D sp002449305, 95.0, 77.9, 0.14; GCA_004554075.1, s__Treponema_D sp004554075, 95.0, 77.76, 0.11; GCA_900319625.1, s__Treponema_D sp900319625, 95.0, 77.73, 0.12; GCF_000260795.1, s__Treponema_D sp000260795, 95.0, 77.71, 0.13; GCA_002477955.1, s__Treponema_D sp002477955, 95.0, 77.5, 0.12; GCA_900541995.1, s__Treponema_D sp900541995, 95.0, 77.5, 0.08; GCA_002395155.1, s__Treponema_D sp002395155, 95.0, 77.5, 0.09; GCA_002404895.1, s__Treponema_D sp002404895, 95.0, 77.38, 0.09; GCF_000421345.1, s__Treponema_D bryantii_B, 95.0, 77.15, 0.12; GCF_000255555.1, s__Treponema_D saccharophilum, 95.0, 77.13, 0.04; GCF_900113965.1, s__Treponema_D bryantii_A, 95.0, 77.02, 0.1; GCA_900316905.1, s__Treponema_D sp900316905, 95.0, 76.99, 0.06; GCA_002394685.1, s__Treponema_D sp002394685, 95.0, 76.76, 0.08; GCF_900111035.1, s__Treponema_D bryantii_C, 95.0, 76.72, 0.1; GCF_000468115.1, s__Treponema_D socranskii, 95.0, 76.67, 0.03; GCA_002392405.1, s__Treponema_D sp002392405, 95.0, 76.64, 0.05; GCA_002391235.1, s__Treponema_D sp002391235, 95.0, 76.58, 0.05; GCA_003455655.1, s__Treponema_D sp003455655, 95.0, 76.47, 0.04; GCA_003447785.1, s__Treponema_D sp003447785, 95.0, 76.42, 0.06; GCA_002309305.1, s__Treponema_D sp002309305, 95.0, 76.39, 0.05; GCA_002448445.1, s__Treponema_D sp002448445, 95.0, 76.38, 0.06; GCA_002368605.1, s__Treponema_D sp002368605, 95.0, 76.38, 0.05; GCA_002315375.1, s__Treponema_D sp002315375, 95.0, 76.28, 0.08; GCA_002350445.1, s__Treponema_D sp002350445, 95.0, 76.19, 0.1; GCA_002393835.1, s__Treponema_D sp002393835, 95.0, 76.18, 0.04; GCA_002373205.1, s__Treponema_D sp002373205, 95.0, 76.11, 0.04; GCA_002399405.1, s__Treponema_D sp002399405, 95.0, 76.05, 0.05; GCA_002309195.1, s__Treponema_D sp002309195, 95.0, 75.92, 0.08; GCA_002392275.1, s__Treponema_D sp002392275, 95.0, 75.86, 0.04; GCA_002396325.1, s__Treponema_D sp002396325, 95.0, 75.85, 0.04; GCA_002314445.1, s__Treponema_D sp002314445, 95.0, 75.76, 0.05; GCA_002369025.1, s__Treponema_D sp002369025, 95.0, 75.75, 0.05; GCA_002394465.1, s__Treponema_D sp002394465, 95.0, 75.67, 0.05; GCA_002393865.1, s__Treponema_D sp002393865, 95.0, 75.48, 0.02; GCA_002319875.1, s__Treponema_D sp002319875, 95.0, 75.28, 0.03; GCA_002373325.1, s__Treponema_D sp002373325, 95.0, 75.24, 0.03	66.05	11	N/A	N/A
nC27_bin.2	d__Bacteria;p__Firmicutes_A;c__Clostridia_A;o__Christensenellales;f__CAG-917;g__CAG-349;s__CAG-349 sp003539515	GCA_003539515.1	95.0	d__Bacteria;p__Firmicutes_A;c__Clostridia_A;o__Christensenellales;f__CAG-917;g__CAG-349;s__CAG-349 sp003539515	96.98	0.83	GCA_003539515.1	95.0	d__Bacteria;p__Firmicutes_A;c__Clostridia_A;o__Christensenellales;f__CAG-917;g__CAG-349;s__CAG-349 sp003539515	96.98	0.83	d__Bacteria;p__Firmicutes_A;c__Clostridia_A;o__Christensenellales;f__CAG-917;g__CAG-349;s__	taxonomic classification defined by topology and ANI	topological placement and ANI have congruent species assignments	GCA_001940895.1, s__CAG-349 sp001940895, 95.0, 78.93, 0.36	66.21	11	N/A	N/A
nC27_bin.30	d__Bacteria;p__Bacteroidota;c__Bacteroidia;o__Bacteroidales;f__Paludibacteraceae;g__RF16;s__RF16 sp900556095	GCA_900556095.1	95.0	d__Bacteria;p__Bacteroidota;c__Bacteroidia;o__Bacteroidales;f__Paludibacteraceae;g__RF16;s__RF16 sp900556095	97.01	0.92	GCA_900556095.1	95.0	d__Bacteria;p__Bacteroidota;c__Bacteroidia;o__Bacteroidales;f__Paludibacteraceae;g__RF16;s__RF16 sp900556095	97.01	0.92	d__Bacteria;p__Bacteroidota;c__Bacteroidia;o__Bacteroidales;f__Paludibacteraceae;g__RF16;s__	taxonomic classification defined by topology and ANI	topological placement and ANI have congruent species assignments	GCA_002452095.1, s__RF16 sp002452095, 95.0, 83.6, 0.71; GCA_002387325.1, s__RF16 sp002387325, 95.0, 82.13, 0.71; GCA_900542355.1, s__RF16 sp900542355, 95.0, 81.5, 0.51; GCA_002477945.1, s__RF16 sp002477945, 95.0, 80.58, 0.19; GCA_002440265.1, s__RF16 sp002440265, 95.0, 79.67, 0.27; GCA_002479035.1, s__RF16 sp002479035, 95.0, 78.75, 0.27; GCA_900321605.1, s__RF16 sp900321605, 95.0, 77.72, 0.1; GCA_900316005.1, s__RF16 sp900316005, 95.0, 77.6, 0.09; GCA_002369075.1, s__RF16 sp002369075, 95.0, 77.43, 0.14; GCA_002317295.1, s__RF16 sp002317295, 95.0, 77.38, 0.1; GCA_002394335.1, s__RF16 sp002394335, 95.0, 77.27, 0.12; GCA_900316845.1, s__RF16 sp900316845, 95.0, 77.2, 0.09; GCA_900321775.1, s__RF16 sp900321775, 95.0, 77.15, 0.09; GCA_900319105.1, s__RF16 sp900319105, 95.0, 77.13, 0.08; GCA_900319035.1, s__RF16 sp900319035, 95.0, 77.13, 0.1; GCA_900319995.1, s__RF16 sp900319995, 95.0, 77.06, 0.08; GCA_900319025.1, s__RF16 sp900319025, 95.0, 77.05, 0.1; GCA_900317745.1, s__RF16 sp900317745, 95.0, 77.05, 0.1; GCA_002315745.1, s__RF16 sp002315745, 95.0, 76.99, 0.09; GCA_900317345.1, s__RF16 sp900317345, 95.0, 76.97, 0.12; GCA_002373505.1, s__RF16 sp002373505, 95.0, 76.94, 0.11; GCA_900317885.1, s__RF16 sp900317885, 95.0, 76.88, 0.11; GCA_002394395.1, s__RF16 sp002394395, 95.0, 76.86, 0.1; GCA_002354055.1, s__RF16 sp002354055, 95.0, 76.83, 0.1; GCA_002395805.1, s__RF16 sp002395805, 95.0, 76.79, 0.11; GCA_002392745.1, s__RF16 sp002392745, 95.0, 76.77, 0.12; GCA_900320865.1, s__RF16 sp900320865, 95.0, 76.71, 0.1; GCA_002310195.1, s__RF16 sp002310195, 95.0, 76.7, 0.09; GCA_900319645.1, s__RF16 sp900319645, 95.0, 76.64, 0.1; GCA_002351925.1, s__RF16 sp002351925, 95.0, 76.56, 0.15; GCA_900318245.1, s__RF16 sp900318245, 95.0, 76.55, 0.09; GCA_900319005.1, s__RF16 sp900319005, 95.0, 76.54, 0.09; GCA_002368645.1, s__RF16 sp002368645, 95.0, 76.52, 0.06; GCA_002371785.1, s__RF16 sp002371785, 95.0, 76.4, 0.12; GCA_002309255.1, s__RF16 sp002309255, 95.0, 76.35, 0.06; GCA_900321005.1, s__RF16 sp900321005, 95.0, 76.35, 0.09; GCA_002449665.1, s__RF16 sp002449665, 95.0, 76.33, 0.1; GCA_002309835.1, s__RF16 sp002309835, 95.0, 76.22, 0.11; GCA_002372135.1, s__RF16 sp002372135, 95.0, 76.13, 0.08; GCA_002308195.1, s__RF16 sp002308195, 95.0, 76.13, 0.09; GCA_002352705.1, s__RF16 sp002352705, 95.0, 76.06, 0.07; GCA_002308815.1, s__RF16 sp002308815, 95.0, 75.93, 0.07	86.53	11	N/A	N/A
nC29_bin.1	d__Bacteria;p__Firmicutes;c__Bacilli;o__Acholeplasmatales;f__Anaeroplasmataceae;g__;s__	N/A	N/A	N/A	N/A	N/A	N/A	N/A	N/A	N/A	N/A	d__Bacteria;p__Firmicutes;c__Bacilli;o__Acholeplasmatales;f__Anaeroplasmataceae;g__;s__	taxonomic classification fully defined by topology	N/A	N/A	44.4	11	0.8673405631772269	N/A
nC29_bin.127	d__Bacteria;p__Firmicutes_A;c__Clostridia;o__Oscillospirales;f__Acutalibacteraceae;g__Ruminococcus_E;s__Ruminococcus_E sp003526955	GCA_003526955.1	95.0	d__Bacteria;p__Firmicutes_A;c__Clostridia;o__Oscillospirales;f__Acutalibacteraceae;g__Ruminococcus_E;s__Ruminococcus_E sp003526955	97.11	0.7	GCA_003526955.1	95.0	d__Bacteria;p__Firmicutes_A;c__Clostridia;o__Oscillospirales;f__Acutalibacteraceae;g__Ruminococcus_E;s__Ruminococcus_E sp003526955	97.11	0.7	d__Bacteria;p__Firmicutes_A;c__Clostridia;o__Oscillospirales;f__Acutalibacteraceae;g__Ruminococcus_E;s__	taxonomic classification defined by topology and ANI	topological placement and ANI have congruent species assignments	GCF_003438075.1, s__Ruminococcus_E sp003438075, 95.0, 90.29, 0.73; GCF_002834225.1, s__Ruminococcus_E bromii, 95.0, 83.3, 0.38; GCF_002834235.1, s__Ruminococcus_E bromii_B, 95.0, 83.03, 0.39; GCA_003521625.1, s__Ruminococcus_E sp003521625, 95.0, 79.52, 0.27; GCF_900101355.1, s__Ruminococcus_E bromii_A, 95.0, 78.92, 0.24; GCA_002491825.1, s__Ruminococcus_E sp002491825, 95.0, 78.66, 0.3; GCA_002493635.1, s__Ruminococcus_E sp002493635, 95.0, 78.61, 0.25; GCA_900315085.1, s__Ruminococcus_E sp900315085, 95.0, 78.39, 0.11; GCA_002493005.1, s__Ruminococcus_E sp002493005, 95.0, 78.21, 0.26; GCA_900543095.1, s__Ruminococcus_E sp900543095, 95.0, 78.09, 0.23; GCF_005601135.1, s__Ruminococcus_E sp900314705, 95.0, 78.0, 0.12; GCA_004560275.1, s__Ruminococcus_E sp004560275, 95.0, 77.76, 0.16; GCF_900100595.1, s__Ruminococcus_E sp900100595, 95.0, 77.72, 0.08; GCA_900315195.1, s__Ruminococcus_E sp900315195, 95.0, 77.52, 0.12; GCA_900318495.1, s__Ruminococcus_E sp900318495, 95.0, 77.5, 0.14; GCA_900316435.1, s__Ruminococcus_E sp900316435, 95.0, 77.45, 0.12; GCA_900315605.1, s__Ruminococcus_E sp900315605, 95.0, 77.43, 0.11; GCA_003520555.1, s__Ruminococcus_E sp003520555, 95.0, 77.35, 0.13; GCA_900319615.1, s__Ruminococcus_E sp900319615, 95.0, 77.18, 0.03; GCA_900319655.1, s__Ruminococcus_E sp900319655, 95.0, 77.1, 0.15; GCA_900313895.1, s__Ruminococcus_E sp900313895, 95.0, 77.09, 0.03; GCA_900316555.1, s__Ruminococcus_E sp900316555, 95.0, 77.08, 0.1; GCA_900316385.1, s__Ruminococcus_E sp900316385, 95.0, 77.0, 0.07; GCA_900315785.1, s__Ruminococcus_E sp900315785, 95.0, 76.86, 0.11; GCA_900317315.1, s__Ruminococcus_E sp900317315, 95.0, 76.8, 0.05; GCA_002350765.1, s__Ruminococcus_E sp002350765, 95.0, 76.7, 0.08; GCA_900320415.1, s__Ruminococcus_E sp900320415, 95.0, 76.63, 0.04; GCA_900318905.1, s__Ruminococcus_E sp900318905, 95.0, 76.59, 0.11; GCA_900316815.1, s__Ruminococcus_E sp900316815, 95.0, 76.36, 0.04; GCA_900317595.1, s__Ruminococcus_E sp900317595, 95.0, 76.24, 0.04; GCA_900315815.1, s__Ruminococcus_E sp900315815, 95.0, 76.24, 0.02; GCA_900317875.1, s__Ruminococcus_E sp900317875, 95.0, 76.23, 0.06; GCA_002353935.1, s__Ruminococcus_E sp002353935, 95.0, 76.07, 0.07; GCA_900314795.1, s__Ruminococcus_E sp900314795, 95.0, 76.0, 0.04; GCA_900320995.1, s__Ruminococcus_E sp900320995, 95.0, 75.8, 0.03; GCA_002394725.1, s__Ruminococcus_E sp002394725, 95.0, 75.68, 0.02; GCA_900313865.1, s__Ruminococcus_E sp900313865, 95.0, 74.68, 0.0; GCA_003499325.1, s__Ruminococcus_E sp003499325, 95.0, 74.67, 0.03	62.82	11	N/A	N/A
nC29_bin.14	d__Bacteria;p__Firmicutes_A;c__Clostridia;o__Oscillospirales;f__Acutalibacteraceae;g__CAG-180;s__CAG-180 sp004556705	GCA_004556705.1	95.0	d__Bacteria;p__Firmicutes_A;c__Clostridia;o__Oscillospirales;f__Acutalibacteraceae;g__CAG-180;s__CAG-180 sp004556705	95.25	0.76	GCA_004556705.1	95.0	d__Bacteria;p__Firmicutes_A;c__Clostridia;o__Oscillospirales;f__Acutalibacteraceae;g__CAG-180;s__CAG-180 sp004556705	95.25	0.76	d__Bacteria;p__Firmicutes_A;c__Clostridia;o__Oscillospirales;f__Acutalibacteraceae;g__CAG-180;s__	taxonomic classification defined by topology and ANI	topological placement and ANI have congruent species assignments	GCA_900315985.1, s__CAG-180 sp900315985, 95.0, 79.05, 0.27; GCA_000432435.1, s__CAG-180 sp000432435, 95.0, 78.46, 0.23; GCA_002490425.1, s__CAG-180 sp002490425, 95.0, 78.34, 0.19; GCA_002437245.1, s__CAG-180 sp002437245, 95.0, 77.69, 0.19; GCA_002361875.1, s__CAG-180 sp002361875, 95.0, 77.59, 0.17; GCA_900540295.1, s__CAG-180 sp900540295, 95.0, 77.11, 0.1; GCA_004555265.1, s__CAG-180 sp004555265, 95.0, 77.04, 0.08; GCA_002490525.1, s__CAG-180 sp002490525, 95.0, 76.63, 0.07; GCA_900545625.1, s__CAG-180 sp900545625, 95.0, 76.45, 0.04; GCA_002314305.1, s__CAG-180 sp002314305, 95.0, 76.3, 0.03	60.77	11	N/A	N/A
nC29_bin.156	d__Bacteria;p__Firmicutes_A;c__Clostridia_A;o__Christensenellales;f__CAG-74;g__UBA11524;s__UBA11524 sp000437595	GCA_000437595.1	95.0	d__Bacteria;p__Firmicutes_A;c__Clostridia_A;o__Christensenellales;f__CAG-74;g__UBA11524;s__UBA11524 sp000437595	95.87	0.82	GCA_000437595.1	95.0	d__Bacteria;p__Firmicutes_A;c__Clostridia_A;o__Christensenellales;f__CAG-74;g__UBA11524;s__UBA11524 sp000437595	95.87	0.82	d__Bacteria;p__Firmicutes_A;c__Clostridia_A;o__Christensenellales;f__CAG-74;g__;s__	taxonomic classification defined by topology and ANI	topological placement and ANI have congruent species assignments	N/A	27.08	11	N/A	N/A
nC29_bin.3	d__Bacteria;p__Firmicutes_A;c__Clostridia_A;o__Christensenellales;f__CAG-917;g__CAG-349;s__CAG-349 sp003539515	GCA_003539515.1	95.0	d__Bacteria;p__Firmicutes_A;c__Clostridia_A;o__Christensenellales;f__CAG-917;g__CAG-349;s__CAG-349 sp003539515	97.19	0.88	GCA_003539515.1	95.0	d__Bacteria;p__Firmicutes_A;c__Clostridia_A;o__Christensenellales;f__CAG-917;g__CAG-349;s__CAG-349 sp003539515	97.19	0.88	d__Bacteria;p__Firmicutes_A;c__Clostridia_A;o__Christensenellales;f__CAG-917;g__CAG-349;s__	taxonomic classification defined by topology and ANI	topological placement and ANI have congruent species assignments	GCA_001940895.1, s__CAG-349 sp001940895, 95.0, 78.74, 0.44	62.82	11	N/A	N/A
nC29_bin.31	d__Bacteria;p__Bacteroidota;c__Bacteroidia;o__Bacteroidales;f__Tannerellaceae;g__Parabacteroides;s__Parabacteroides sp900549585	GCA_900549585.1	95.0	d__Bacteria;p__Bacteroidota;c__Bacteroidia;o__Bacteroidales;f__Tannerellaceae;g__Parabacteroides;s__Parabacteroides sp900549585	98.27	0.7	GCA_900549585.1	95.0	d__Bacteria;p__Bacteroidota;c__Bacteroidia;o__Bacteroidales;f__Tannerellaceae;g__Parabacteroides;s__Parabacteroides sp900549585	98.27	0.7	d__Bacteria;p__Bacteroidota;c__Bacteroidia;o__Bacteroidales;f__Tannerellaceae;g__Parabacteroides;s__	taxonomic classification defined by topology and ANI	topological placement and ANI have congruent species assignments	GCF_000012845.1, s__Parabacteroides distasonis, 95.0, 82.27, 0.12; GCF_004793765.1, s__Parabacteroides distasonis_A, 95.0, 80.63, 0.1; GCF_900186615.1, s__Parabacteroides bouchesdurhonensis, 95.0, 78.86, 0.09; GCA_000436495.1, s__Parabacteroides sp000436495, 95.0, 78.81, 0.16; GCF_900155425.1, s__Parabacteroides sp900155425, 95.0, 78.57, 0.13; GCF_000969835.1, s__Parabacteroides goldsteinii, 95.0, 78.24, 0.13; GCF_900128505.1, s__Parabacteroides timonensis, 95.0, 78.19, 0.11; GCF_000154105.1, s__Parabacteroides merdae, 95.0, 78.15, 0.11; GCA_900548175.1, s__Parabacteroides sp900548175, 95.0, 78.1, 0.12; GCF_003473295.1, s__Parabacteroides sp003473295, 95.0, 78.02, 0.1; GCF_002159645.1, s__Parabacteroides sp002159645, 95.0, 78.0, 0.11; GCF_900108035.1, s__Parabacteroides chinchillae, 95.0, 77.99, 0.1; GCF_003479145.1, s__Parabacteroides sp003479145, 95.0, 77.83, 0.11; GCF_000969825.1, s__Parabacteroides gordonii, 95.0, 77.82, 0.11; GCF_000156495.1, s__Parabacteroides johnsonii, 95.0, 77.81, 0.12; GCF_003480915.1, s__Parabacteroides sp003480915, 95.0, 77.7, 0.12; GCF_003363715.1, s__Parabacteroides acidifaciens, 95.0, 77.67, 0.11; GCA_900541965.1, s__Parabacteroides sp900541965, 95.0, 77.59, 0.1; GCA_900552415.1, s__Parabacteroides sp900552415, 95.0, 77.52, 0.05; GCA_900540715.1, s__Parabacteroides sp900540715, 95.0, 77.24, 0.1; GCA_900547435.1, s__Parabacteroides sp900547435, 95.0, 77.23, 0.11; GCA_900552465.1, s__Parabacteroides sp900552465, 95.0, 76.57, 0.08; GCA_004562445.1, s__Parabacteroides sp004562445, 95.0, 76.36, 0.05	47.14	11	N/A	N/A
nC29_bin.32	d__Bacteria;p__Bacteroidota;c__Bacteroidia;o__Bacteroidales;f__Muribaculaceae;g__C941;s__C941 sp004557565	GCA_004557565.1	95.0	d__Bacteria;p__Bacteroidota;c__Bacteroidia;o__Bacteroidales;f__Muribaculaceae;g__C941;s__C941 sp004557565	95.63	0.85	GCA_004557565.1	95.0	d__Bacteria;p__Bacteroidota;c__Bacteroidia;o__Bacteroidales;f__Muribaculaceae;g__C941;s__C941 sp004557565	95.63	0.85	d__Bacteria;p__Bacteroidota;c__Bacteroidia;o__Bacteroidales;f__Muribaculaceae;g__C941;s__	taxonomic classification defined by topology and ANI	topological placement and ANI have congruent species assignments	GCA_002476625.1, s__C941 sp002476625, 95.0, 80.16, 0.62; GCA_004559845.1, s__C941 sp004559845, 95.0, 79.93, 0.49; GCA_900321725.1, s__C941 sp900321725, 95.0, 77.11, 0.15; GCA_900314215.1, s__C941 sp900314215, 95.0, 77.05, 0.16; GCA_900318065.1, s__C941 sp900318065, 95.0, 76.79, 0.11; GCA_900318255.1, s__C941 sp900318255, 95.0, 76.73, 0.1; GCA_002353285.1, s__C941 sp002353285, 95.0, 76.7, 0.09; GCA_900316835.1, s__C941 sp900316835, 95.0, 76.65, 0.09; GCA_900318865.1, s__C941 sp900318865, 95.0, 76.45, 0.09; GCA_002314465.1, s__C941 sp002314465, 95.0, 76.32, 0.09; GCA_002395965.1, s__C941 sp002395965, 95.0, 76.32, 0.08; GCA_900322135.1, s__C941 sp900322135, 95.0, 76.24, 0.07; GCA_900318205.1, s__C941 sp900318205, 95.0, 76.16, 0.07; GCA_002396085.1, s__C941 sp002396085, 95.0, 76.07, 0.09; GCA_900318535.1, s__C941 sp900318535, 95.0, 76.05, 0.07; GCA_002396125.1, s__C941 sp002396125, 95.0, 75.97, 0.1; GCA_900319525.1, s__C941 sp900319525, 95.0, 75.96, 0.07; GCA_900318335.1, s__C941 sp900318335, 95.0, 75.92, 0.06; GCA_900317835.1, s__C941 sp900317835, 95.0, 75.9, 0.06; GCA_900318645.1, s__C941 sp900318645, 95.0, 75.87, 0.06; GCA_002353885.1, s__C941 sp002353885, 95.0, 75.85, 0.08; GCA_900320055.1, s__C941 sp900320055, 95.0, 75.85, 0.09; GCA_900317325.1, s__C941 sp900317325, 95.0, 75.81, 0.06; GCA_900318345.1, s__C941 sp900318345, 95.0, 75.76, 0.07; GCA_900320245.1, s__C941 sp900320245, 95.0, 75.7, 0.08	70.08	11	N/A	N/A
nC29_bin.94	d__Bacteria;p__Bacteroidota;c__Bacteroidia;o__Bacteroidales;f__UBA932;g__RC9;s__RC9 sp000432655	GCA_000432655.1	95.0	d__Bacteria;p__Bacteroidota;c__Bacteroidia;o__Bacteroidales;f__UBA932;g__RC9;s__RC9 sp000432655	97.61	0.93	GCA_000432655.1	95.0	d__Bacteria;p__Bacteroidota;c__Bacteroidia;o__Bacteroidales;f__UBA932;g__RC9;s__RC9 sp000432655	97.61	0.93	d__Bacteria;p__Bacteroidota;c__Bacteroidia;o__Bacteroidales;f__UBA932;g__RC9;s__	taxonomic classification defined by topology and ANI	topological placement and ANI have congruent species assignments	GCA_000433355.1, s__RC9 sp000433355, 95.0, 81.07, 0.19; GCA_900544195.1, s__RC9 sp900544195, 95.0, 80.55, 0.17; GCA_002451795.1, s__RC9 sp002451795, 95.0, 80.08, 0.52; GCA_000431015.1, s__RC9 sp000431015, 95.0, 79.92, 0.14; GCA_000432515.1, s__RC9 sp000432515, 95.0, 79.9, 0.13; GCA_000434935.1, s__RC9 sp000434935, 95.0, 79.64, 0.09; GCA_002314195.1, s__RC9 sp002314195, 95.0, 79.14, 0.1; GCA_002438845.1, s__RC9 sp002438845, 95.0, 79.09, 0.11; GCA_900541925.1, s__RC9 sp900541925, 95.0, 78.99, 0.21; GCA_900545245.1, s__RC9 sp900545245, 95.0, 78.92, 0.08; GCA_002439875.1, s__RC9 sp002439875, 95.0, 78.79, 0.1; GCA_002321335.1, s__RC9 sp002321335, 95.0, 78.72, 0.09; GCA_002297815.1, s__RC9 sp002297815, 95.0, 78.59, 0.12; GCA_002438635.1, s__RC9 sp002438635, 95.0, 78.58, 0.05; GCA_002437305.1, s__RC9 sp002437305, 95.0, 78.53, 0.1; GCA_004552115.1, s__RC9 sp004552115, 95.0, 78.42, 0.05; GCA_900546925.1, s__RC9 sp900546925, 95.0, 78.38, 0.08; GCA_900546445.1, s__RC9 sp900546445, 95.0, 78.38, 0.08; GCA_002439095.1, s__RC9 sp002439095, 95.0, 78.33, 0.18; GCA_004552965.1, s__RC9 sp004552965, 95.0, 78.28, 0.09; GCA_000435075.1, s__RC9 sp000435075, 95.0, 78.27, 0.1; GCA_004555145.1, s__RC9 sp004555145, 95.0, 78.2, 0.26; GCA_900320965.1, s__RC9 sp900320965, 95.0, 78.19, 0.05; GCA_001602865.1, s__RC9 sp001602865, 95.0, 78.14, 0.06; GCA_900313275.1, s__RC9 sp900313275, 95.0, 78.07, 0.06; GCA_900320185.1, s__RC9 sp900320185, 95.0, 78.02, 0.06; GCA_900317925.1, s__RC9 sp900317925, 95.0, 77.93, 0.06; GCA_900318955.1, s__RC9 sp900318955, 95.0, 77.92, 0.06; GCA_900319685.1, s__RC9 sp900319685, 95.0, 77.9, 0.08; GCA_004552615.1, s__RC9 sp004552615, 95.0, 77.82, 0.07; GCA_002438805.1, s__RC9 sp002438805, 95.0, 77.8, 0.18; GCF_900167895.1, s__RC9 sp900167895, 95.0, 77.7, 0.1; GCA_004554455.1, s__RC9 sp004554455, 95.0, 77.68, 0.06; GCA_900316675.1, s__RC9 sp900316675, 95.0, 77.68, 0.06; GCA_900546395.1, s__RC9 sp900546395, 95.0, 77.68, 0.07; GCA_002393945.1, s__RC9 sp002393945, 95.0, 77.65, 0.04; GCA_002320605.1, s__RC9 sp002320605, 95.0, 77.65, 0.06; GCA_004556005.1, s__RC9 sp004556005, 95.0, 77.63, 0.1; GCF_900167925.1, s__RC9 sp900167925, 95.0, 77.62, 0.09; GCA_002439585.1, s__RC9 sp002439585, 95.0, 77.57, 0.05; GCA_900318565.1, s__RC9 sp900318565, 95.0, 77.56, 0.08; GCA_900319375.1, s__RC9 sp900319375, 95.0, 77.51, 0.06; GCA_900317065.1, s__RC9 sp900317065, 95.0, 77.49, 0.05; GCA_900320365.1, s__RC9 sp900320365, 95.0, 77.46, 0.06; GCA_900316525.1, s__RC9 sp900316525, 95.0, 77.42, 0.05; GCA_900319975.1, s__RC9 sp900319975, 95.0, 77.34, 0.1; GCA_900319855.1, s__RC9 sp900319855, 95.0, 77.3, 0.06; GCA_002392525.1, s__RC9 sp002392525, 95.0, 77.29, 0.02; GCA_001915575.1, s__RC9 sp001915575, 95.0, 77.29, 0.15; GCA_900314395.1, s__RC9 sp900314395, 95.0, 77.26, 0.06; GCA_002361625.1, s__RC9 sp002361625, 95.0, 77.25, 0.04; GCA_900316955.1, s__RC9 sp900316955, 95.0, 77.23, 0.05; GCA_900321655.1, s__RC9 sp900321655, 95.0, 77.21, 0.05; GCA_002315815.1, s__RC9 sp002315815, 95.0, 77.2, 0.06; GCA_002309995.1, s__RC9 sp002309995, 95.0, 77.19, 0.04; GCA_900543205.1, s__RC9 sp900543205, 95.0, 77.17, 0.12; GCA_002350615.1, s__RC9 sp002350615, 95.0, 77.17, 0.06; GCA_900313205.1, s__RC9 sp900313205, 95.0, 77.15, 0.05; GCA_002472565.1, s__RC9 sp002472565, 95.0, 77.05, 0.05; GCA_002315825.1, s__RC9 sp002315825, 95.0, 77.03, 0.06; GCA_900316045.1, s__RC9 sp900316045, 95.0, 77.02, 0.05; GCA_002354005.1, s__RC9 sp002354005, 95.0, 77.01, 0.05; GCA_900319185.1, s__RC9 sp900319185, 95.0, 77.0, 0.07; GCA_002395605.1, s__RC9 sp002395605, 95.0, 77.0, 0.03; GCA_900321245.1, s__RC9 sp900321245, 95.0, 76.99, 0.09; GCA_900317845.1, s__RC9 sp900317845, 95.0, 76.99, 0.06; GCA_002373715.1, s__RC9 sp002373715, 95.0, 76.92, 0.05; GCA_900320545.1, s__RC9 sp900320545, 95.0, 76.88, 0.06; GCA_001602885.1, s__RC9 sp001602885, 95.0, 76.71, 0.05; GCA_900318445.1, s__RC9 sp900318445, 95.0, 76.68, 0.05; GCA_002395925.1, s__RC9 sp002395925, 95.0, 76.64, 0.05; GCA_002396335.1, s__RC9 sp002396335, 95.0, 76.63, 0.05; GCA_900316245.1, s__RC9 sp900316245, 95.0, 76.63, 0.06; GCA_002298075.1, s__RC9 sp002298075, 95.0, 76.61, 0.03; GCA_900319405.1, s__RC9 sp900319405, 95.0, 76.59, 0.05; GCA_002440085.1, s__RC9 sp002440085, 95.0, 76.59, 0.05; GCA_002439805.1, s__RC9 sp002439805, 95.0, 76.59, 0.05; GCA_900319485.1, s__RC9 sp900319485, 95.0, 76.56, 0.04; GCA_900318015.1, s__RC9 sp900318015, 95.0, 76.5, 0.04; GCA_900318355.1, s__RC9 sp900318355, 95.0, 76.4, 0.05; GCA_002308935.1, s__RC9 sp002308935, 95.0, 76.39, 0.03; GCA_002393895.1, s__RC9 sp002393895, 95.0, 76.37, 0.05; GCA_900320385.1, s__RC9 sp900320385, 95.0, 76.34, 0.04; GCA_900321715.1, s__RC9 sp900321715, 95.0, 76.33, 0.05; GCA_900320795.1, s__RC9 sp900320795, 95.0, 76.31, 0.04; GCA_002438905.1, s__RC9 sp002438905, 95.0, 76.1, 0.05; GCA_002314885.1, s__RC9 sp002314885, 95.0, 76.06, 0.04; GCA_002371115.1, s__RC9 sp002371115, 95.0, 75.7, 0.02	85.79	11	N/A	N/A
nC33_bin.104	d__Bacteria;p__Bacteroidota;c__Bacteroidia;o__Bacteroidales;f__Rikenellaceae;g__;s__	N/A	N/A	N/A	N/A	N/A	N/A	N/A	N/A	N/A	N/A	d__Bacteria;p__Bacteroidota;c__Bacteroidia;o__Bacteroidales;f__Rikenellaceae;g__;s__	taxonomic novelty determined using RED	N/A	N/A	60.85	11	0.894542887172024	N/A
nC33_bin.144	d__Bacteria;p__Firmicutes_A;c__Clostridia;o__Lachnospirales;f__Lachnospiraceae;g__CAG-95;s__CAG-95 sp000438155	GCA_000438155.1	95.0	d__Bacteria;p__Firmicutes_A;c__Clostridia;o__Lachnospirales;f__Lachnospiraceae;g__CAG-95;s__CAG-95 sp000438155	97.56	0.83	GCA_000438155.1	95.0	d__Bacteria;p__Firmicutes_A;c__Clostridia;o__Lachnospirales;f__Lachnospiraceae;g__CAG-95;s__CAG-95 sp000438155	97.56	0.83	d__Bacteria;p__Firmicutes_A;c__Clostridia;o__Lachnospirales;f__Lachnospiraceae;g__CAG-95;s__	taxonomic classification defined by topology and ANI	topological placement and ANI have congruent species assignments	GCA_900553305.1, s__CAG-95 sp900553305, 95.0, 91.26, 0.87; GCF_003490145.1, s__CAG-95 sp900066375, 95.0, 80.15, 0.26; GCA_000436115.1, s__CAG-95 sp000436115, 95.0, 78.17, 0.23; GCF_000403495.2, s__CAG-95 sp000403495, 95.0, 77.89, 0.1; GCF_003612395.1, s__CAG-95 sp003612395, 95.0, 77.77, 0.1; GCA_900554925.1, s__CAG-95 sp900554925, 95.0, 77.26, 0.15; GCA_002490775.1, s__CAG-95 sp002490775, 95.0, 76.77, 0.08; GCA_002492465.1, s__CAG-95 sp002492465, 95.0, 76.71, 0.1	55.63	11	N/A	N/A
nC33_bin.182	d__Bacteria;p__Firmicutes_A;c__Clostridia_A;o__Christensenellales;f__CAG-138;g__PeH17;s__PeH17 sp000435055	GCA_000435055.1	95.0	d__Bacteria;p__Firmicutes_A;c__Clostridia_A;o__Christensenellales;f__CAG-138;g__PeH17;s__PeH17 sp000435055	97.98	0.81	GCA_000435055.1	95.0	d__Bacteria;p__Firmicutes_A;c__Clostridia_A;o__Christensenellales;f__CAG-138;g__PeH17;s__PeH17 sp000435055	97.98	0.81	d__Bacteria;p__Firmicutes_A;c__Clostridia_A;o__Christensenellales;f__CAG-138;g__PeH17;s__	taxonomic classification defined by topology and ANI	topological placement and ANI have congruent species assignments	GCA_900542285.1, s__PeH17 sp900542285, 95.0, 78.27, 0.13; GCA_004556165.1, s__PeH17 sp004556165, 95.0, 78.04, 0.14; GCA_002309375.1, s__PeH17 sp002309375, 95.0, 78.02, 0.11; GCA_001940845.1, s__PeH17 sp001940845, 95.0, 77.75, 0.1	71.61	11	N/A	N/A
nC33_bin.194	d__Bacteria;p__Firmicutes_A;c__Clostridia;o__Oscillospirales;f__CAG-272;g__CAG-724;s__	N/A	N/A	N/A	N/A	N/A	GCA_003524145.1	95.0	d__Bacteria;p__Firmicutes_A;c__Clostridia;o__Oscillospirales;f__CAG-272;g__CAG-724;s__CAG-724 sp003524145	93.5	0.78	d__Bacteria;p__Firmicutes_A;c__Clostridia;o__Oscillospirales;f__CAG-272;g__CAG-724;s__	taxonomic classification defined by topology and ANI	N/A	GCA_900551005.1, s__CAG-724 sp900551005, 95.0, 82.25, 0.56	60.83	11	0.9943347314113873	Genome not assigned to closest species as it falls outside its pre-defined ANI radius
nC33_bin.2	d__Bacteria;p__Firmicutes_A;c__Clostridia;o__UMGS1810;f__UMGS1810;g__;s__	N/A	N/A	N/A	N/A	N/A	GCA_900555295.1	95.0	d__Bacteria;p__Firmicutes_A;c__Clostridia;o__UMGS1810;f__UMGS1810;g__UMGS1810;s__UMGS1810 sp900555295	77.7	0.07	d__Bacteria;p__Firmicutes_A;c__Clostridia;o__;f__;g__;s__	taxonomic classification defined by topology and ANI	N/A	N/A	28.1	11	0.723717668805438	N/A
nC33_bin.207	d__Bacteria;p__Firmicutes;c__Bacilli;o__RF39;f__CAG-1000;g__CAG-533;s__CAG-533 sp000434495	GCA_000434495.1	95.0	d__Bacteria;p__Firmicutes;c__Bacilli;o__RF39;f__CAG-1000;g__CAG-533;s__CAG-533 sp000434495	96.56	0.96	N/A	N/A	N/A	N/A	N/A	d__Bacteria;p__Firmicutes;c__Bacilli;o__RF39;f__CAG-1000;g__CAG-533;s__	ANI	topological placement and ANI have incongruent species assignments	GCA_000434495.1, s__CAG-533 sp000434495, 95.0, 96.56, 0.96; GCA_003150195.1, s__CAG-533 sp003150195, 95.0, 96.3, 0.55; GCA_900551105.1, s__CAG-533 sp900551105, 95.0, 83.09, 0.49; GCA_900553855.1, s__CAG-533 sp900553855, 95.0, 78.25, 0.21; GCA_004563275.1, s__CAG-533 sp004563275, 95.0, 78.2, 0.27; GCA_002438065.1, s__CAG-533 sp002438065, 95.0, 77.91, 0.19	39.35	11	N/A	N/A
nC33_bin.228	d__Bacteria;p__Firmicutes_A;c__Clostridia;o__Oscillospirales;f__Acutalibacteraceae;g__CAG-177;s__CAG-177 sp000431775	GCA_000431775.1	95.0	d__Bacteria;p__Firmicutes_A;c__Clostridia;o__Oscillospirales;f__Acutalibacteraceae;g__CAG-177;s__CAG-177 sp000431775	98.14	0.89	GCA_000431775.1	95.0	d__Bacteria;p__Firmicutes_A;c__Clostridia;o__Oscillospirales;f__Acutalibacteraceae;g__CAG-177;s__CAG-177 sp000431775	98.14	0.89	d__Bacteria;p__Firmicutes_A;c__Clostridia;o__Oscillospirales;f__Acutalibacteraceae;g__CAG-177;s__	taxonomic classification defined by topology and ANI	topological placement and ANI have congruent species assignments	GCA_003514385.1, s__CAG-177 sp003514385, 95.0, 80.05, 0.25; GCA_003538135.1, s__CAG-177 sp003538135, 95.0, 79.62, 0.23; GCA_002451755.1, s__CAG-177 sp002451755, 95.0, 79.42, 0.25; GCA_002438685.1, s__CAG-177 sp002438685, 95.0, 79.36, 0.23; GCA_002309055.1, s__CAG-177 sp002309055, 95.0, 77.48, 0.15; GCA_002315935.1, s__CAG-177 sp002315935, 95.0, 77.06, 0.13; GCA_900319455.1, s__CAG-177 sp900319455, 95.0, 76.32, 0.07	79.5	11	N/A	N/A
nC33_bin.232	d__Bacteria;p__Firmicutes_A;c__Clostridia;o__Oscillospirales;f__Oscillospiraceae;g__Oscillibacter;s__Oscillibacter sp001916835	GCA_001916835.1	95.0	d__Bacteria;p__Firmicutes_A;c__Clostridia;o__Oscillospirales;f__Oscillospiraceae;g__Oscillibacter;s__Oscillibacter sp001916835	95.36	0.68	N/A	N/A	N/A	N/A	N/A	d__Bacteria;p__Firmicutes_A;c__Clostridia;o__Oscillospirales;f__Oscillospiraceae;g__Oscillibacter;s__	ANI	topological placement and ANI have incongruent species assignments	GCA_001916835.1, s__Oscillibacter sp001916835, 95.0, 95.36, 0.68; GCA_900544105.1, s__Oscillibacter sp900544105, 95.0, 92.8, 0.69; GCA_900544615.1, s__Oscillibacter sp900544615, 95.0, 85.63, 0.65; GCA_900550685.1, s__Oscillibacter sp900550685, 95.0, 85.33, 0.52; GCA_900542115.1, s__Oscillibacter sp900542115, 95.0, 83.31, 0.54; GCA_900548505.1, s__Oscillibacter sp900548505, 95.0, 80.19, 0.42; GCA_004558115.1, s__Oscillibacter sp004558115, 95.0, 80.12, 0.4; GCF_005121165.1, s__Oscillibacter welbionis, 95.0, 79.63, 0.46; GCA_000436875.1, s__Oscillibacter sp000436875, 95.0, 79.53, 0.38; GCA_900551885.1, s__Oscillibacter sp900551885, 95.0, 79.5, 0.37; GCA_900544955.1, s__Oscillibacter sp900544955, 95.0, 79.47, 0.45; GCA_900556925.1, s__Oscillibacter sp900556925, 95.0, 79.39, 0.23; GCA_900554425.1, s__Oscillibacter sp900554425, 95.0, 79.32, 0.37; GCA_004553545.1, s__Oscillibacter sp004553545, 95.0, 79.31, 0.34; GCF_000403435.2, s__Oscillibacter sp000403435, 95.0, 79.15, 0.43; GCA_900546705.1, s__Oscillibacter sp900546705, 95.0, 78.95, 0.39; GCF_900115635.1, s__Oscillibacter sp900115635, 95.0, 78.86, 0.29; GCF_000283575.1, s__Oscillibacter valericigenes, 95.0, 78.21, 0.27; GCF_000307265.1, s__Oscillibacter ruminantium, 95.0, 77.67, 0.23; GCA_002455655.1, s__Oscillibacter sp002455655, 95.0, 77.53, 0.23; GCA_003245395.1, s__Oscillibacter sp003245395, 95.0, 77.39, 0.13	26.85	11	N/A	N/A
nC33_bin.233	d__Bacteria;p__Verrucomicrobiota;c__Lentisphaeria;o__Victivallales;f__Victivallaceae;g__Victivallis;s__Victivallis sp900550905	GCA_900550905.1	95.0	d__Bacteria;p__Verrucomicrobiota;c__Lentisphaeria;o__Victivallales;f__Victivallaceae;g__Victivallis;s__Victivallis sp900550905	98.02	0.87	GCA_900550905.1	95.0	d__Bacteria;p__Verrucomicrobiota;c__Lentisphaeria;o__Victivallales;f__Victivallaceae;g__Victivallis;s__Victivallis sp900550905	98.02	0.87	d__Bacteria;p__Verrucomicrobiota;c__Lentisphaeria;o__Victivallales;f__Victivallaceae;g__Victivallis;s__	taxonomic classification defined by topology and ANI	topological placement and ANI have congruent species assignments	GCA_900551245.1, s__Victivallis sp900551245, 95.0, 89.45, 0.74; GCF_003096415.1, s__Victivallis vadensis, 95.0, 80.04, 0.28; GCF_002998355.1, s__Victivallis sp002998355, 95.0, 79.62, 0.25	64.4	11	N/A	N/A
nC33_bin.24	d__Bacteria;p__Bacteroidota;c__Bacteroidia;o__Bacteroidales;f__Bacteroidaceae;g__Phocaeicola;s__Phocaeicola sp000434735	GCA_000434735.1	95.0	d__Bacteria;p__Bacteroidota;c__Bacteroidia;o__Bacteroidales;f__Bacteroidaceae;g__Phocaeicola;s__Phocaeicola sp000434735	95.34	0.71	GCA_000434735.1	95.0	d__Bacteria;p__Bacteroidota;c__Bacteroidia;o__Bacteroidales;f__Bacteroidaceae;g__Phocaeicola;s__Phocaeicola sp000434735	95.34	0.71	d__Bacteria;p__Bacteroidota;c__Bacteroidia;o__Bacteroidales;f__Bacteroidaceae;g__Phocaeicola;s__	taxonomic classification defined by topology and ANI	topological placement and ANI have congruent species assignments	GCF_000157915.1, s__Phocaeicola coprophilus, 95.0, 81.6, 0.17; GCF_000156075.1, s__Phocaeicola dorei, 95.35, 81.5, 0.15; GCF_000154845.1, s__Phocaeicola coprocola, 95.0, 80.1, 0.22; GCF_000187895.1, s__Phocaeicola plebeius, 95.0, 79.91, 0.19; GCF_900128455.1, s__Phocaeicola mediterraneensis, 95.0, 79.79, 0.19; GCF_003437535.1, s__Phocaeicola plebeius_A, 95.0, 79.67, 0.19; GCA_900066455.1, s__Phocaeicola sp900066455, 95.0, 79.63, 0.18; GCF_000374585.1, s__Phocaeicola barnesiae, 95.0, 79.45, 0.18; GCF_900128495.1, s__Phocaeicola ilei, 95.0, 79.43, 0.17; GCF_000012825.1, s__Phocaeicola vulgatus, 95.35, 79.35, 0.14; GCA_900551445.1, s__Phocaeicola sp900551445, 95.0, 79.16, 0.15; GCA_900542985.1, s__Phocaeicola sp900542985, 95.0, 79.0, 0.17; GCF_000382445.1, s__Phocaeicola massiliensis, 95.0, 78.96, 0.15; GCF_000190575.1, s__Phocaeicola salanitronis, 95.0, 78.93, 0.16; GCA_900553715.1, s__Phocaeicola sp900553715, 95.0, 78.93, 0.15; GCA_900541515.1, s__Phocaeicola sp900541515, 95.0, 78.92, 0.17; GCA_900553185.1, s__Phocaeicola sp900553185, 95.0, 78.81, 0.17; GCF_002161565.1, s__Phocaeicola sp002161565, 95.0, 78.81, 0.15; GCF_000614185.1, s__Phocaeicola sartorii, 95.0, 78.76, 0.13; GCA_900066445.1, s__Phocaeicola sp900066445, 95.0, 78.71, 0.17; GCA_900544075.1, s__Phocaeicola sp900544075, 95.0, 78.69, 0.16; GCF_000613805.1, s__Phocaeicola paurosaccharolyticus, 95.0, 78.67, 0.07; GCA_900544675.1, s__Phocaeicola sp900544675, 95.0, 78.66, 0.17; GCA_000432735.1, s__Phocaeicola sp000432735, 95.0, 78.41, 0.19; GCA_900552075.1, s__Phocaeicola sp900552075, 95.0, 78.37, 0.16; GCA_900552645.1, s__Phocaeicola sp900552645, 95.0, 78.33, 0.07; GCA_900557085.1, s__Phocaeicola sp900557085, 95.0, 78.31, 0.11; GCA_900540105.1, s__Phocaeicola sp900540105, 95.0, 78.3, 0.14; GCA_900546645.1, s__Phocaeicola sp900546645, 95.0, 78.29, 0.14; GCA_900551065.1, s__Phocaeicola sp900551065, 95.0, 78.28, 0.14; GCF_002161765.1, s__Phocaeicola sp002161765, 95.0, 78.13, 0.16; GCA_900546355.1, s__Phocaeicola sp900546355, 95.0, 78.04, 0.12; GCA_000436795.1, s__Phocaeicola sp000436795, 95.0, 77.9, 0.15; GCA_900556845.1, s__Phocaeicola sp900556845, 95.0, 77.74, 0.15; GCA_900551645.1, s__Phocaeicola sp900551645, 95.0, 77.71, 0.14; GCA_004558305.1, s__Phocaeicola plebeius_B, 95.0, 77.45, 0.09; GCA_002493165.1, s__Phocaeicola sp002493165, 95.0, 77.34, 0.11; GCF_000312445.1, s__Phocaeicola abscessus, 95.0, 77.04, 0.03; GCA_900546095.1, s__Phocaeicola sp900546095, 95.0, 76.99, 0.11; GCA_900554435.1, s__Phocaeicola sp900554435, 95.0, 76.63, 0.07; GCA_002315285.1, s__Phocaeicola sp002315285, 95.0, 76.15, 0.03	67.34	11	N/A	N/A
nC33_bin.244	d__Bacteria;p__Firmicutes;c__Bacilli;o__RF39;f__CAG-302;g__CAG-302;s__CAG-302 sp900548425	GCA_900548425.1	95.0	d__Bacteria;p__Firmicutes;c__Bacilli;o__RF39;f__CAG-302;g__CAG-302;s__CAG-302 sp900548425	97.35	0.9	GCA_900548425.1	95.0	d__Bacteria;p__Firmicutes;c__Bacilli;o__RF39;f__CAG-302;g__CAG-302;s__CAG-302 sp900548425	97.35	0.9	d__Bacteria;p__Firmicutes;c__Bacilli;o__RF39;f__CAG-302;g__CAG-302;s__	taxonomic classification defined by topology and ANI	topological placement and ANI have congruent species assignments	GCA_001916775.1, s__CAG-302 sp001916775, 95.0, 85.42, 0.64; GCA_900554615.1, s__CAG-302 sp900554615, 95.0, 84.65, 0.62; GCA_900543825.1, s__CAG-302 sp900543825, 95.0, 80.92, 0.58; GCA_900549325.1, s__CAG-302 sp900549325, 95.0, 80.9, 0.52; GCA_000431795.1, s__CAG-302 sp000431795, 95.0, 80.9, 0.55; GCA_002375205.1, s__CAG-302 sp002375205, 95.0, 78.78, 0.4	46.21	11	N/A	N/A
nC33_bin.253	d__Bacteria;p__Bacteroidota;c__Bacteroidia;o__Bacteroidales;f__Muribaculaceae;g__CAG-279;s__CAG-279 sp000437795	GCA_000437795.1	95.0	d__Bacteria;p__Bacteroidota;c__Bacteroidia;o__Bacteroidales;f__Muribaculaceae;g__CAG-279;s__CAG-279 sp000437795	97.79	0.92	GCA_000437795.1	95.0	d__Bacteria;p__Bacteroidota;c__Bacteroidia;o__Bacteroidales;f__Muribaculaceae;g__CAG-279;s__CAG-279 sp000437795	97.79	0.92	d__Bacteria;p__Bacteroidota;c__Bacteroidia;o__Bacteroidales;f__Muribaculaceae;g__CAG-279;s__	taxonomic classification defined by topology and ANI	topological placement and ANI have congruent species assignments	GCA_900544305.1, s__CAG-279 sp900544305, 95.0, 77.92, 0.18; GCA_900548875.1, s__CAG-279 sp900548875, 95.0, 77.62, 0.18; GCA_004561555.1, s__CAG-279 sp004561555, 95.0, 77.6, 0.22; GCA_900556245.1, s__CAG-279 sp900556245, 95.0, 77.58, 0.22; GCA_900541935.1, s__CAG-279 sp900541935, 95.0, 77.46, 0.1; GCA_004555955.1, s__CAG-279 sp004555955, 95.0, 77.39, 0.17; GCA_900550025.1, s__CAG-279 sp900550025, 95.0, 77.33, 0.16; GCA_900541555.1, s__CAG-279 sp900541555, 95.0, 77.17, 0.17	80.85	11	N/A	N/A
nC33_bin.255	d__Bacteria;p__Firmicutes_A;c__Clostridia;o__Oscillospirales;f__Acutalibacteraceae;g__Eubacterium_R;s__Eubacterium_R sp000433975	GCA_000433975.1	95.0	d__Bacteria;p__Firmicutes_A;c__Clostridia;o__Oscillospirales;f__Acutalibacteraceae;g__Eubacterium_R;s__Eubacterium_R sp000433975	97.27	0.92	GCA_000433975.1	95.0	d__Bacteria;p__Firmicutes_A;c__Clostridia;o__Oscillospirales;f__Acutalibacteraceae;g__Eubacterium_R;s__Eubacterium_R sp000433975	97.27	0.92	d__Bacteria;p__Firmicutes_A;c__Clostridia;o__Oscillospirales;f__Acutalibacteraceae;g__Eubacterium_R;s__	taxonomic classification defined by topology and ANI	topological placement and ANI have congruent species assignments	GCA_900539775.1, s__Eubacterium_R sp900539775, 95.0, 87.9, 0.89; GCA_900543795.1, s__Eubacterium_R sp900543795, 95.0, 78.84, 0.46; GCA_900540235.1, s__Eubacterium_R sp900540235, 95.0, 78.63, 0.19; GCA_900540305.1, s__Eubacterium_R sp900540305, 95.0, 78.48, 0.38; GCA_900539845.1, s__Eubacterium_R sp900539845, 95.0, 78.32, 0.29; GCA_900546785.1, s__Eubacterium_R sp900546785, 95.0, 78.29, 0.33; GCA_900539425.1, s__Eubacterium_R sp900539425, 95.0, 78.23, 0.29; GCA_900555015.1, s__Eubacterium_R sp900555015, 95.0, 78.19, 0.32; GCA_002329285.1, s__Eubacterium_R sp002329285, 95.0, 78.12, 0.33; GCA_900539325.1, s__Eubacterium_R sp900539325, 95.0, 78.11, 0.2; GCA_900547915.1, s__Eubacterium_R sp900547915, 95.0, 77.93, 0.31; GCA_002361935.1, s__Eubacterium_R sp002361935, 95.0, 77.77, 0.26; GCA_000431535.1, s__Eubacterium_R sp000431535, 95.0, 77.73, 0.29; GCA_000436835.1, s__Eubacterium_R sp000436835, 95.0, 77.69, 0.22; GCA_000434995.1, s__Eubacterium_R sp000434995, 95.0, 77.44, 0.2; GCA_003526845.1, s__Eubacterium_R sp003526845, 95.0, 77.35, 0.24; GCF_900167205.1, s__Eubacterium_R coprostanoligenes, 95.0, 77.32, 0.17; GCA_900539165.1, s__Eubacterium_R sp900539165, 95.0, 77.29, 0.18; GCA_900542875.1, s__Eubacterium_R sp900542875, 95.0, 77.23, 0.18; GCA_900321905.1, s__Eubacterium_R sp900321905, 95.0, 77.2, 0.09; GCA_900316345.1, s__Eubacterium_R sp900316345, 95.0, 77.03, 0.16; GCA_900544515.1, s__Eubacterium_R sp900544515, 95.0, 77.02, 0.13; GCA_002371215.1, s__Eubacterium_R sp002371215, 95.0, 77.0, 0.11; GCA_002494125.1, s__Eubacterium_R sp002494125, 95.0, 76.77, 0.12; GCA_002493595.1, s__Eubacterium_R sp002493595, 95.0, 76.76, 0.1; GCA_002493325.1, s__Eubacterium_R sp002493325, 95.0, 76.57, 0.12; GCA_900548085.1, s__Eubacterium_R sp900548085, 95.0, 76.31, 0.1	69.74	11	N/A	N/A
nC33_bin.27	d__Bacteria;p__Firmicutes_A;c__Clostridia_A;o__Christensenellales;f__Borkfalkiaceae;g__UBA1259;s__	N/A	N/A	N/A	N/A	N/A	N/A	N/A	N/A	N/A	N/A	d__Bacteria;p__Firmicutes_A;c__Clostridia_A;o__Christensenellales;f__Borkfalkiaceae;g__UBA1259;s__	ANI	N/A	GCA_003523255.1, s__UBA1259 sp003523255, 95.0, 78.72, 0.23; GCA_900320065.1, s__UBA1259 sp900320065, 95.0, 77.72, 0.21; GCA_002308755.1, s__UBA1259 sp002308755, 95.0, 77.0, 0.14	64.72	11	0.9201263835896076	N/A
nC33_bin.271	d__Bacteria;p__Firmicutes;c__Bacilli;o__RF39;f__CAG-1000;g__CAG-460;s__CAG-460 sp000437315	GCA_000437315.1	95.0	d__Bacteria;p__Firmicutes;c__Bacilli;o__RF39;f__CAG-1000;g__CAG-460;s__CAG-460 sp000437315	96.48	0.83	GCA_000437315.1	95.0	d__Bacteria;p__Firmicutes;c__Bacilli;o__RF39;f__CAG-1000;g__CAG-460;s__CAG-460 sp000437315	96.48	0.83	d__Bacteria;p__Firmicutes;c__Bacilli;o__RF39;f__CAG-1000;g__CAG-460;s__	taxonomic classification defined by topology and ANI	topological placement and ANI have congruent species assignments	GCA_002439555.1, s__CAG-460 sp002439555, 95.0, 90.0, 0.74; GCA_000438075.1, s__CAG-460 sp000438075, 95.0, 76.51, 0.16; GCA_000437355.1, s__CAG-460 sp000437355, 95.0, 76.34, 0.14; GCA_900551525.1, s__CAG-460 sp900551525, 95.0, 76.32, 0.15; GCA_900546715.1, s__CAG-460 sp900546715, 95.0, 76.2, 0.15; GCA_900544625.1, s__CAG-460 sp900544625, 95.0, 76.18, 0.15	34.13	11	N/A	N/A
nC33_bin.3	d__Bacteria;p__Firmicutes_A;c__Clostridia_A;o__Christensenellales;f__QALW01;g__UMGS1338;s__UMGS1338 sp900550805	GCA_900550805.1	95.0	d__Bacteria;p__Firmicutes_A;c__Clostridia_A;o__Christensenellales;f__QALW01;g__UMGS1338;s__UMGS1338 sp900550805	97.35	0.98	GCA_900550805.1	95.0	d__Bacteria;p__Firmicutes_A;c__Clostridia_A;o__Christensenellales;f__QALW01;g__UMGS1338;s__UMGS1338 sp900550805	97.35	0.98	d__Bacteria;p__Firmicutes_A;c__Clostridia_A;o__Christensenellales;f__QALW01;g__;s__	taxonomic classification defined by topology and ANI	topological placement and ANI have congruent species assignments	N/A	79.19	11	N/A	N/A
nC33_bin.4	d__Bacteria;p__Bacteroidota;c__Bacteroidia;o__Bacteroidales;f__Rikenellaceae;g__Alistipes;s__Alistipes sp900546065	GCA_900546065.1	95.0	d__Bacteria;p__Bacteroidota;c__Bacteroidia;o__Bacteroidales;f__Rikenellaceae;g__Alistipes;s__Alistipes sp900546065	97.7	0.82	GCA_900546065.1	95.0	d__Bacteria;p__Bacteroidota;c__Bacteroidia;o__Bacteroidales;f__Rikenellaceae;g__Alistipes;s__Alistipes sp900546065	97.7	0.82	d__Bacteria;p__Bacteroidota;c__Bacteroidia;o__Bacteroidales;f__Rikenellaceae;g__Alistipes;s__	taxonomic classification defined by topology and ANI	topological placement and ANI have congruent species assignments	GCF_006542685.1, s__Alistipes sp006542685, 95.0, 80.05, 0.28; GCF_000311925.1, s__Alistipes obesi, 95.0, 79.92, 0.28; GCF_000154465.1, s__Alistipes putredinis, 95.0, 79.78, 0.17; GCF_900604385.1, s__Alistipes sp002159375, 95.0, 79.3, 0.28; GCF_900290115.1, s__Alistipes sp900290115, 95.0, 79.09, 0.29; GCA_900542505.1, s__Alistipes sp900542505, 95.0, 79.04, 0.24; GCA_900544265.1, s__Alistipes sp900544265, 95.0, 79.0, 0.31; GCF_000265365.1, s__Alistipes finegoldii, 95.0, 78.84, 0.26; GCF_002161445.1, s__Alistipes sp002161445, 95.0, 78.77, 0.25; GCF_000210575.1, s__Alistipes shahii, 95.0, 78.69, 0.27; GCA_000434235.1, s__Alistipes sp000434235, 95.0, 78.69, 0.28; GCA_002358415.1, s__Alistipes sp002358415, 95.0, 78.64, 0.22; GCF_900083545.1, s__Alistipes sp900083545, 95.0, 78.5, 0.27; GCF_900107675.1, s__Alistipes timonensis, 95.0, 78.42, 0.25; GCA_001941065.1, s__Alistipes sp001941065, 95.0, 78.33, 0.25; GCF_000312145.1, s__Alistipes senegalensis, 95.0, 78.18, 0.27; GCA_900549305.1, s__Alistipes sp900549305, 95.0, 78.16, 0.17; GCA_900541585.1, s__Alistipes sp900541585, 95.0, 78.14, 0.23; GCF_000374505.1, s__Alistipes onderdonkii, 95.0, 78.13, 0.24; GCF_900021155.1, s__Alistipes sp900021155, 95.0, 77.96, 0.23; GCA_900553175.1, s__Alistipes sp900553175, 95.0, 77.92, 0.21; GCA_002362235.1, s__Alistipes sp002362235, 95.0, 77.91, 0.22; GCA_900548155.1, s__Alistipes sp900548155, 95.0, 77.87, 0.14; GCA_900550375.1, s__Alistipes sp900550375, 95.0, 77.86, 0.17; GCA_900552955.1, s__Alistipes sp900552955, 95.0, 77.81, 0.22; GCA_002428825.1, s__Alistipes sp002428825, 95.0, 77.71, 0.17; GCA_900550925.1, s__Alistipes sp900550925, 95.0, 77.38, 0.11; GCA_003979135.1, s__Alistipes sp003979135, 95.0, 77.14, 0.1; GCA_002293345.1, s__Alistipes sp002293345, 95.0, 76.88, 0.06	46.98	11	N/A	N/A
nC33_bin.44	d__Bacteria;p__Firmicutes_A;c__Clostridia;o__Oscillospirales;f__Acutalibacteraceae;g__UMGS1532;s__UMGS1532 sp900552605	GCA_900552605.1	95.0	d__Bacteria;p__Firmicutes_A;c__Clostridia;o__Oscillospirales;f__Acutalibacteraceae;g__UMGS1532;s__UMGS1532 sp900552605	97.12	0.82	GCA_900552605.1	95.0	d__Bacteria;p__Firmicutes_A;c__Clostridia;o__Oscillospirales;f__Acutalibacteraceae;g__UMGS1532;s__UMGS1532 sp900552605	97.12	0.82	d__Bacteria;p__Firmicutes_A;c__Clostridia;o__Oscillospirales;f__Acutalibacteraceae;g__;s__	taxonomic classification defined by topology and ANI	topological placement and ANI have congruent species assignments	N/A	38.83	11	N/A	N/A
nC33_bin.6	d__Bacteria;p__Firmicutes_A;c__Clostridia;o__Oscillospirales;f__Ruminococcaceae;g__CAG-353;s__CAG-353 sp900066885	GCA_900066885.1	95.0	d__Bacteria;p__Firmicutes_A;c__Clostridia;o__Oscillospirales;f__Ruminococcaceae;g__CAG-353;s__CAG-353 sp900066885	97.66	0.83	GCA_900066885.1	95.0	d__Bacteria;p__Firmicutes_A;c__Clostridia;o__Oscillospirales;f__Ruminococcaceae;g__CAG-353;s__CAG-353 sp900066885	97.66	0.83	d__Bacteria;p__Firmicutes_A;c__Clostridia;o__Oscillospirales;f__Ruminococcaceae;g__CAG-353;s__	taxonomic classification defined by topology and ANI	topological placement and ANI have congruent species assignments	GCA_001941135.1, s__CAG-353 sp001941135, 95.0, 77.31, 0.15; GCA_002395525.1, s__CAG-353 sp002395525, 95.0, 77.17, 0.12	71.87	11	N/A	N/A
nC33_bin.7	d__Bacteria;p__Firmicutes_A;c__Clostridia_A;o__Christensenellales;f__CAG-917;g__CAG-349;s__CAG-349 sp003539515	GCA_003539515.1	95.0	d__Bacteria;p__Firmicutes_A;c__Clostridia_A;o__Christensenellales;f__CAG-917;g__CAG-349;s__CAG-349 sp003539515	96.87	0.91	GCA_003539515.1	95.0	d__Bacteria;p__Firmicutes_A;c__Clostridia_A;o__Christensenellales;f__CAG-917;g__CAG-349;s__CAG-349 sp003539515	96.87	0.91	d__Bacteria;p__Firmicutes_A;c__Clostridia_A;o__Christensenellales;f__CAG-917;g__CAG-349;s__	taxonomic classification defined by topology and ANI	topological placement and ANI have congruent species assignments	GCA_001940895.1, s__CAG-349 sp001940895, 95.0, 78.64, 0.47	58.08	11	N/A	N/A
nC33_bin.8	d__Bacteria;p__Firmicutes_A;c__Clostridia;o__Oscillospirales;f__CAG-272;g__CAG-448;s__	N/A	N/A	N/A	N/A	N/A	GCA_003150135.1	95.0	d__Bacteria;p__Firmicutes_A;c__Clostridia;o__Oscillospirales;f__CAG-272;g__CAG-448;s__CAG-448 sp003150135	98.08	0.62	d__Bacteria;p__Firmicutes_A;c__Clostridia;o__Oscillospirales;f__CAG-272;g__CAG-448;s__	taxonomic classification defined by topology and ANI	N/A	GCA_000433415.1, s__CAG-448 sp000433415, 95.0, 79.3, 0.12; GCA_002315325.1, s__CAG-448 sp002315325, 95.0, 76.36, 0.03	46.69	11	0.9993316362769045	N/A
nC33_lr_bin.1	d__Bacteria;p__Cyanobacteria;c__Vampirovibrionia;o__Gastranaerophilales;f__Gastranaerophilaceae;g__UMGS1477;s__UMGS1477 sp900552205	GCA_900552205.1	95.0	d__Bacteria;p__Cyanobacteria;c__Vampirovibrionia;o__Gastranaerophilales;f__Gastranaerophilaceae;g__UMGS1477;s__UMGS1477 sp900552205	97.66	0.96	GCA_900552205.1	95.0	d__Bacteria;p__Cyanobacteria;c__Vampirovibrionia;o__Gastranaerophilales;f__Gastranaerophilaceae;g__UMGS1477;s__UMGS1477 sp900552205	97.66	0.96	d__Bacteria;p__Cyanobacteria;c__Vampirovibrionia;o__Gastranaerophilales;f__Gastranaerophilaceae;g__UMGS1477;s__	taxonomic classification defined by topology and ANI	topological placement and ANI have congruent species assignments	GCA_900553845.1, s__UMGS1477 sp900553845, 95.0, 82.0, 0.72	41.25	11	N/A	N/A
nC33_lr_bin.117	d__Bacteria;p__Bacteroidota;c__Bacteroidia;o__Bacteroidales;f__Bacteroidaceae;g__Prevotella;s__Prevotella sp000434515	GCF_004535825.1	95.0	d__Bacteria;p__Bacteroidota;c__Bacteroidia;o__Bacteroidales;f__Bacteroidaceae;g__Prevotella;s__Prevotella sp000434515	95.96	0.76	N/A	N/A	N/A	N/A	N/A	d__Bacteria;p__Bacteroidota;c__Bacteroidia;o__Bacteroidales;f__Bacteroidaceae;g__Prevotella;s__	ANI	topological placement and ANI have incongruent species assignments	GCF_004535825.1, s__Prevotella sp000434515, 95.0, 95.96, 0.76; GCA_900554835.1, s__Prevotella sp900554835, 95.0, 93.16, 0.6; GCF_002224675.1, s__Prevotella copri_A, 95.0, 86.3, 0.51; GCA_900557255.1, s__Prevotella sp900557255, 95.0, 85.3, 0.37; GCA_900544825.1, s__Prevotella sp900544825, 95.0, 84.78, 0.47; GCA_900551985.1, s__Prevotella sp900551985, 95.0, 84.64, 0.45; GCA_900546535.1, s__Prevotella sp900546535, 95.0, 84.39, 0.49; GCF_000157935.1, s__Prevotella copri, 95.0, 84.24, 0.46; GCA_900551275.1, s__Prevotella sp900551275, 95.0, 83.72, 0.41; GCA_900557035.1, s__Prevotella sp900557035, 95.0, 83.15, 0.48; GCA_900555035.1, s__Prevotella sp900555035, 95.0, 83.11, 0.45; GCA_900556795.1, s__Prevotella sp900556795, 95.0, 82.57, 0.49; GCA_000436035.1, s__Prevotella sp000436035, 95.0, 81.52, 0.46; GCA_900548535.1, s__Prevotella sp900548535, 95.0, 81.4, 0.42; GCA_900313215.1, s__Prevotella sp900313215, 95.0, 81.22, 0.4; GCA_002451555.1, s__Prevotella sp002451555, 95.0, 81.13, 0.4; GCA_002440225.1, s__Prevotella sp002440225, 95.0, 81.02, 0.35; GCA_002297965.1, s__Prevotella sp002297965, 95.0, 80.73, 0.37; GCA_900556395.1, s__Prevotella sp900556395, 95.0, 80.57, 0.36; GCA_002405875.1, s__Prevotella sp002405875, 95.0, 80.18, 0.38; GCA_002439605.1, s__Prevotella sp002439605, 95.0, 79.91, 0.31; GCF_001683355.1, s__Prevotella scopos, 95.0, 79.42, 0.09; GCF_002251385.1, s__Prevotella sp002251385, 95.0, 79.37, 0.1; GCF_000179055.1, s__Prevotella bryantii, 95.0, 78.86, 0.11; GCF_003609775.1, s__Prevotella melaninogenica_A, 95.0, 78.77, 0.11; GCA_003447235.1, s__Prevotella sp003447235, 95.0, 78.77, 0.08; GCF_001262015.1, s__Prevotella fusca, 95.0, 78.62, 0.09; GCA_000436915.1, s__Prevotella sp000436915, 95.0, 78.59, 0.17; GCF_000688375.1, s__Prevotella sp000688375, 95.0, 78.57, 0.07; GCF_900637655.1, s__Prevotella oris, 95.0, 78.46, 0.08; GCF_000144405.1, s__Prevotella melaninogenica, 95.0, 78.43, 0.11; GCF_000426565.1, s__Prevotella albensis, 95.0, 78.2, 0.16; GCF_000257925.1, s__Prevotella sp000257925, 95.0, 78.11, 0.08; GCA_002407775.1, s__Prevotella sp002407775, 95.0, 78.08, 0.05; GCF_000377625.1, s__Prevotella veroralis, 95.0, 78.06, 0.07; GCA_000431975.1, s__Prevotella sp000431975, 95.0, 77.96, 0.1; GCF_000613405.1, s__Prevotella enoeca, 95.0, 77.93, 0.05; GCF_003043925.1, s__Prevotella sp003043925, 95.0, 77.93, 0.08; GCF_003043945.1, s__Prevotella sp003043945, 95.0, 77.92, 0.07; GCF_002251365.1, s__Prevotella sp002251365, 95.0, 77.9, 0.1; GCF_900187995.1, s__Prevotella jejuni, 95.0, 77.88, 0.08; GCF_001553265.1, s__Prevotella sp001553265, 95.0, 77.87, 0.08; GCA_900556825.1, s__Prevotella sp900556825, 95.0, 77.85, 0.08; GCF_000613925.1, s__Prevotella histicola, 95.0, 77.83, 0.09; GCF_000467895.1, s__Prevotella sp000467895, 95.0, 77.75, 0.09; GCF_000613725.1, s__Prevotella pleuritidis, 95.0, 77.74, 0.05; GCA_900322035.1, s__Prevotella sp900322035, 95.0, 77.72, 0.06; GCF_000177075.1, s__Prevotella buccalis, 95.0, 77.63, 0.07; GCF_000373185.1, s__Prevotella paludivivens, 95.0, 77.51, 0.09; GCF_000430525.1, s__Prevotella corporis, 95.0, 77.51, 0.07; GCF_000185145.2, s__Prevotella oralis, 95.0, 77.49, 0.07; GCF_000613785.1, s__Prevotella oulorum, 95.0, 77.42, 0.06; GCF_900199655.1, s__Prevotella sp900199655, 95.0, 77.4, 0.06; GCF_000614065.1, s__Prevotella dentasini, 95.0, 77.4, 0.08; GCF_000184945.1, s__Prevotella buccae, 95.0, 77.38, 0.1; GCA_900553595.1, s__Prevotella sp900553595, 95.0, 77.37, 0.09; GCF_000185845.1, s__Prevotella salivae, 95.0, 77.36, 0.07; GCF_000613585.1, s__Prevotella denticola, 95.0, 77.36, 0.07; GCA_002481295.1, s__Prevotella sp002481295, 95.0, 77.36, 0.09; GCF_900113305.1, s__Prevotella sp900113305, 95.0, 77.32, 0.07; GCA_002437285.1, s__Prevotella sp002437285, 95.0, 77.3, 0.08; GCF_000191065.1, s__Prevotella multiformis, 95.0, 77.29, 0.07; GCA_900316015.1, s__Prevotella sp900316015, 95.0, 77.25, 0.07; GCA_900314195.1, s__Prevotella sp900314195, 95.0, 77.19, 0.06; GCA_900317685.1, s__Prevotella sp900317685, 95.0, 77.18, 0.08; GCA_900546345.1, s__Prevotella sp900546345, 95.0, 77.17, 0.08; GCF_000762405.1, s__Prevotella timonensis_A, 95.0, 77.15, 0.06; GCF_000599605.1, s__Prevotella sp000599605, 95.0, 77.14, 0.05; GCF_000426585.1, s__Prevotella baroniae, 95.0, 77.13, 0.07; GCA_002391185.1, s__Prevotella sp002391185, 95.0, 77.11, 0.08; GCA_003483565.1, s__Prevotella sp003483565, 95.0, 77.1, 0.08; GCF_000382385.1, s__Prevotella maculosa, 95.0, 77.06, 0.07; GCF_000455445.1, s__Prevotella timonensis, 95.0, 77.03, 0.08; GCA_900314945.1, s__Prevotella sp900314945, 95.0, 77.01, 0.07; GCA_002300055.1, s__Prevotella sp002300055, 95.0, 77.0, 0.08; GCF_000479005.1, s__Prevotella sp000479005, 95.0, 76.98, 0.08; GCF_000614205.1, s__Prevotella saccharolytica, 95.0, 76.96, 0.05; GCF_000424185.1, s__Prevotella sp000424185, 95.0, 76.94, 0.12; GCF_000518545.1, s__Prevotella seregens, 95.0, 76.94, 0.07; GCA_002480935.1, s__Prevotella sp002480935, 95.0, 76.86, 0.04; GCA_002350355.1, s__Prevotella sp002350355, 95.0, 76.84, 0.08; GCA_000435635.1, s__Prevotella sp000435635, 95.0, 76.84, 0.1; GCA_002437115.1, s__Prevotella sp002437115, 95.0, 76.81, 0.06; GCA_900318855.1, s__Prevotella sp900318855, 95.0, 76.75, 0.05; GCA_900315635.1, s__Prevotella sp900315635, 95.0, 76.71, 0.1; GCA_900540375.1, s__Prevotella sp900540375, 95.0, 76.69, 0.08; GCA_900315835.1, s__Prevotella sp900315835, 95.0, 76.59, 0.07; GCA_900322095.1, s__Prevotella sp900322095, 95.0, 76.58, 0.07; GCA_002317385.1, s__Prevotella sp002317385, 95.0, 76.55, 0.07; GCA_900314365.1, s__Prevotella sp900314365, 95.0, 76.49, 0.06; GCA_002305235.1, s__Prevotella sp002305235, 95.0, 76.49, 0.06; GCA_002409785.1, s__Prevotella sp002409785, 95.0, 76.43, 0.06; GCA_900316565.1, s__Prevotella sp900316565, 95.0, 76.4, 0.08; GCA_900547085.1, s__Prevotella sp900547085, 95.0, 76.37, 0.07; GCA_004558865.1, s__Prevotella sp004558865, 95.0, 76.36, 0.06; GCA_900319905.1, s__Prevotella sp900319905, 95.0, 76.28, 0.07; GCA_002479145.1, s__Prevotella sp002479145, 95.0, 76.28, 0.04; GCA_900317545.1, s__Prevotella sp900317545, 95.0, 76.27, 0.04; GCA_004554665.1, s__Prevotella sp004554665, 95.0, 76.22, 0.09; GCA_900314455.1, s__Prevotella sp900314455, 95.0, 76.11, 0.07	35.67	11	N/A	N/A
nC33_lr_bin.207	d__Bacteria;p__Verrucomicrobiota;c__Lentisphaeria;o__Victivallales;f__Victivallaceae;g__Victivallis;s__Victivallis sp900550905	GCA_900550905.1	95.0	d__Bacteria;p__Verrucomicrobiota;c__Lentisphaeria;o__Victivallales;f__Victivallaceae;g__Victivallis;s__Victivallis sp900550905	98.11	0.88	GCA_900550905.1	95.0	d__Bacteria;p__Verrucomicrobiota;c__Lentisphaeria;o__Victivallales;f__Victivallaceae;g__Victivallis;s__Victivallis sp900550905	98.11	0.88	d__Bacteria;p__Verrucomicrobiota;c__Lentisphaeria;o__Victivallales;f__Victivallaceae;g__Victivallis;s__	taxonomic classification defined by topology and ANI	topological placement and ANI have congruent species assignments	GCA_900551245.1, s__Victivallis sp900551245, 95.0, 89.61, 0.74; GCF_003096415.1, s__Victivallis vadensis, 95.0, 79.89, 0.28; GCF_002998355.1, s__Victivallis sp002998355, 95.0, 78.87, 0.25	59.68	11	N/A	N/A
nC33_lr_bin.267	d__Bacteria;p__Firmicutes_A;c__Clostridia_A;o__Christensenellales;f__CAG-917;g__CAG-475;s__CAG-475 sp900550915	GCA_900550915.1	95.0	d__Bacteria;p__Firmicutes_A;c__Clostridia_A;o__Christensenellales;f__CAG-917;g__CAG-475;s__CAG-475 sp900550915	97.43	0.94	GCA_900550915.1	95.0	d__Bacteria;p__Firmicutes_A;c__Clostridia_A;o__Christensenellales;f__CAG-917;g__CAG-475;s__CAG-475 sp900550915	97.43	0.94	d__Bacteria;p__Firmicutes_A;c__Clostridia_A;o__Christensenellales;f__CAG-917;g__CAG-475;s__	taxonomic classification defined by topology and ANI	topological placement and ANI have congruent species assignments	GCA_900548005.1, s__CAG-475 sp900548005, 95.0, 88.46, 0.85; GCA_900547975.1, s__CAG-475 sp900547975, 95.0, 80.75, 0.56; GCA_900550855.1, s__CAG-475 sp900550855, 95.0, 80.71, 0.62; GCA_002449145.1, s__CAG-475 sp002449145, 95.0, 80.66, 0.57; GCA_900549225.1, s__CAG-475 sp900549225, 95.0, 80.66, 0.56; GCA_000434435.1, s__CAG-475 sp000434435, 95.0, 80.61, 0.61; GCA_002476605.1, s__CAG-475 sp002476605, 95.0, 80.16, 0.53; GCA_002297185.1, s__CAG-475 sp002297185, 95.0, 80.03, 0.52; GCA_002478945.1, s__CAG-475 sp002478945, 95.0, 79.98, 0.51; GCA_900551145.1, s__CAG-475 sp900551145, 95.0, 79.97, 0.55; GCA_900322215.1, s__CAG-475 sp900322215, 95.0, 78.01, 0.23; GCA_002308215.1, s__CAG-475 sp002308215, 95.0, 77.7, 0.08; GCA_002308155.1, s__CAG-475 sp002308155, 95.0, 77.03, 0.22	85.67	11	N/A	N/A
nC33_lr_bin.284	d__Bacteria;p__Firmicutes;c__Bacilli;o__ML615J-28;f__CAG-698;g__Tener-01;s__Tener-01 sp001940985	GCA_001940985.1	95.0	d__Bacteria;p__Firmicutes;c__Bacilli;o__ML615J-28;f__CAG-698;g__Tener-01;s__Tener-01 sp001940985	98.7	0.84	GCA_001940985.1	95.0	d__Bacteria;p__Firmicutes;c__Bacilli;o__ML615J-28;f__CAG-698;g__Tener-01;s__Tener-01 sp001940985	98.7	0.84	d__Bacteria;p__Firmicutes;c__Bacilli;o__ML615J-28;f__CAG-698;g__Tener-01;s__	taxonomic classification defined by topology and ANI	topological placement and ANI have congruent species assignments	GCA_001604495.1, s__Tener-01 sp001604495, 95.0, 76.78, 0.2	21.33	11	N/A	N/A
nC33_lr_bin.52	d__Bacteria;p__Firmicutes;c__Bacilli;o__RF39;f__CAG-1000;g__CAG-460;s__CAG-460 sp000437315	GCA_000437315.1	95.0	d__Bacteria;p__Firmicutes;c__Bacilli;o__RF39;f__CAG-1000;g__CAG-460;s__CAG-460 sp000437315	97.31	0.81	GCA_000437315.1	95.0	d__Bacteria;p__Firmicutes;c__Bacilli;o__RF39;f__CAG-1000;g__CAG-460;s__CAG-460 sp000437315	97.31	0.81	d__Bacteria;p__Firmicutes;c__Bacilli;o__RF39;f__CAG-1000;g__CAG-460;s__	taxonomic classification defined by topology and ANI	topological placement and ANI have congruent species assignments	GCA_002439555.1, s__CAG-460 sp002439555, 95.0, 90.74, 0.72; GCA_000438075.1, s__CAG-460 sp000438075, 95.0, 76.89, 0.16; GCA_900544625.1, s__CAG-460 sp900544625, 95.0, 76.55, 0.17; GCA_900546715.1, s__CAG-460 sp900546715, 95.0, 76.4, 0.18; GCA_900551525.1, s__CAG-460 sp900551525, 95.0, 76.26, 0.16; GCA_000437355.1, s__CAG-460 sp000437355, 95.0, 76.21, 0.17	48.65	11	N/A	N/A
